source,author,title,description,url,urlToImage,publishedAt,content
"{'id': 'techcrunch', 'name': 'TechCrunch'}",Kirsten Korosec,Uber Freight expands app to Canada,"Uber Freight, the Uber business unit that helps truck drivers connect with shipping companies, said Wednesday it’s launching the app in Canada as part of its global expansion plan. The move into Canada will give Uber Freight access to the country’s $68 billio…",http://techcrunch.com/2019/10/30/uber-freight-expands-app-to-canada/,https://techcrunch.com/wp-content/uploads/2019/10/uber-freight.jpg?w=600,2019-10-30T11:37:16Z,"Uber Freight, the Uber business unit that helps truck drivers connect with shipping companies, said Wednesday it’s launching the app in Canada as part of its global expansion plan.
The move into Canada will give Uber Freight access to the country’s $68 billi… [+2181 chars]"
"{'id': 'techcrunch', 'name': 'TechCrunch'}",Jonathan Shieber,McDonald’s starts selling its Beyond Meat-based “P.L.T.” sandwich in Canada,"McDonald’s first foray into the plant-based protein patty market in North America is launching today in Canada. The company’s “P.L.T.” (plant, lettuce, and tomato) sandwich, which uses patties from Beyond Meat, is now on sale at several locations in Canada. T…",http://techcrunch.com/2019/09/30/mcdonalds-starts-selling-its-beyond-meat-based-p-l-t-sandwich-in-canada/,https://techcrunch.com/wp-content/uploads/2019/09/Screen-Shot-2019-09-30-at-6.26.56-AM.png?w=764,2019-09-30T14:20:14Z,"McDonald’s first foray into the plant-based protein patty market in North America is launching today in Canada.
The company’s “P.L.T.” (plant, lettuce, and tomato) sandwich, which uses patties from Beyond Meat, is now on sale at several locations in Canada.… [+3697 chars]"
"{'id': 'the-new-york-times', 'name': 'The New York Times'}",Ian Austen and Dan Bilefsky,Canada Votes Today. Here’s What You Need to Know,Prime Minister Justin Trudeau faces the political battle of his life in a tight race.,https://www.nytimes.com/2019/10/21/world/canada/canada-election.html,https://static01.nyt.com/images/2019/10/21/world/21canada-explainer/21canada-explainer-facebookJumbo.jpg,2019-10-21T09:00:14Z,"Mr. Scheers authenticity was also challenged when it emerged during the campaign that he has also held United States citizenship most of his life.
Jagmeet Singh, the 40-year-old leader of the N.D.P., made history as the first nonwhite person to lead a major … [+1008 chars]"
"{'id': 'bbc-news', 'name': 'BBC News'}",optional,Rugby World Cup: New Zealand thrash Canada with nine tries,Defending champions New Zealand run in nine tries to thrash Canada 63-0 and record their second convincing win at the World Cup.,https://www.bbc.co.uk/sport/rugby-union/49903819,https://ichef.bbci.co.uk/onesport/cps/624/cpsprodpb/117B/production/_109057440_1178539167-8e24ac851451913db29e3e6e3f9b22b444c05b3e.jpg,2019-10-02T12:10:05Z,"Beauden Barrett, playing alongside his two brothers, scored his 34th try for New Zealand
<table><tr><th>2019 Rugby World Cup: New Zealand v Canada</th></tr>
<tr><td>New Zealand: (28) 63</td></tr><tr><td>Tries: Penalty try, J Barrett, Williams, B Barrett, Io… [+1350 chars]"
"{'id': 'bbc-news', 'name': 'BBC News'}",https://www.facebook.com/bbcnews,Canada election: Party leaders clash in first election debate,Some of the most heated exchanges in Quebec were over climate change and energy issues.,https://www.bbc.co.uk/news/world-us-canada-49901447,https://ichef.bbci.co.uk/news/1024/branded_news/13431/production/_109079887_hi057021192.jpg,2019-10-03T04:02:02Z,"Image copyrightPool via ReutersImage caption
 Four party leaders, with TVA network host Pierre Bruneau (centre), prior to the election debate
The leaders of Canada's main parties clashed over the environment in the country's first big election debate. 
The… [+4642 chars]"
"{'id': None, 'name': 'Lifehacker.com'}",Josh Ocampo,Should You Book a Flight Through an Airline You've Never Heard of?,"In your quest to find an especially great deal for a flight, you’ll likely come across airlines that seem made up—take Bearskin Airlines, for example, which operates out of Ontario, Canada and is very real. Or Chair Airlines, a Swiss airline that flies throug…",https://lifehacker.com/should-you-book-a-flight-through-an-airline-youve-never-1839304520,"https://i.kinja-img.com/gawker-media/image/upload/c_fill,f_auto,fl_progressive,g_center,h_675,pg_1,q_80,w_1200/dyqk5s2jwqyqiad0am1b.jpg",2019-10-24T17:30:00Z,"In your quest to find an especially great deal for a flight, youll likely come across airlines that seem made uptake Bearskin Airlines, for example, which operates out of Ontario, Canada and is very real. Or Chair Airlines, a Swiss airline that flies througho… [+4057 chars]"
"{'id': 'cnn', 'name': 'CNN'}","David Shortell, CNN",Justice Department sues California over air pollution agreement with Canada,"The Justice Department sued California on Wednesday, claiming that the state bypassed federal authority when it entered into an environmental agreement with the Canadian province of Quebec to combat air pollution.",https://www.cnn.com/2019/10/23/politics/california-doj-cap-and-trade-canada-suit/index.html,https://cdn.cnn.com/cnnnext/dam/assets/120221084826-smoke-stacks-air-pollution-chemical-plant-story-top.jpg,2019-10-23T16:19:49Z,"Washington (CNN)The Justice Department sued California on Wednesday, claiming that the state bypassed federal authority when it entered into an environmental agreement with the Canadian province of Quebec to combat air pollution. 
In a complaint filed in Cal… [+2123 chars]"
"{'id': 'the-new-york-times', 'name': 'The New York Times'}",The Editorial Board,"Justin Trudeau, Humbled, Gets a Second Chance","He survived scandal and self-inflicted wounds, but will have to lead Canada as part of a coalition with progressive parties.",https://www.nytimes.com/2019/10/22/opinion/canada-election-trudeau.html,https://static01.nyt.com/images/2019/10/22/opinion/22trudeauWeb/22trudeauWeb-facebookJumbo.jpg,2019-10-22T23:28:52Z,"Justin Trudeaus victory in Canadas national elections on Monday followed what he called one of the nastiest campaigns in Canadian history. That may be true, to the degree that much of the campaign was about him and some bad decisions he made, and it featured … [+1505 chars]"
"{'id': 'the-verge', 'name': 'The Verge'}",Jay Peters,Apple News Plus is now available in the UK and Australia,"Today, Apple announced that Apple News Plus, its premium news subscription service, is now available in the UK for £9.99 a month and in Australia for $14.99 a month. It’s the first expansion of the service since its March launch; previously, it had only been …",https://www.theverge.com/2019/9/30/20892352/apple-news-plus-now-available-uk-australia-magazine-news-subscription-service,https://cdn.vox-cdn.com/thumbor/2BLfhjF8kabp4HdJG3O-H7jUUt0=/0x146:2040x1214/fit-in/1200x630/cdn.vox-cdn.com/uploads/chorus_asset/file/15999094/vpavic_190329_3332_0045.jpg,2019-09-30T23:36:39Z,"Its the first global expansion of the app
Photo by Vjeran Pavic / The Verge
Today, Apple announced that Apple News Plus, its premium news subscription service, is now available in the UK for £9.99 a month and in Australia for $14.99 a month. Its the first e… [+1252 chars]"
"{'id': 'techcrunch', 'name': 'TechCrunch'}",Catherine Shu,Fabric raises $110 million Series B to expand its network of automated fulfillment centers in the U.S.,"Fabric, the startup that wants to make automated logistics available to retailers of all sizes, announced today it has raised $110 million in Series B funding. The round was led by Corner Ventures, with participation from Aleph, Canada Pension Plan Investment…",http://techcrunch.com/2019/10/23/fabric-raises-110-million-series-b-to-expand-its-network-of-automated-fulfillment-centers-in-the-u-s/,https://techcrunch.com/wp-content/uploads/2019/10/Fabric-funding-2.png?w=711,2019-10-23T11:00:10Z,"Fabric, the startup that wants to make automated logistics available to retailers of all sizes, announced today it has raised $110 million in Series B funding. The round was led by Corner Ventures, with participation from Aleph, Canada Pension Plan Investment… [+3387 chars]"
"{'id': None, 'name': 'Canoe.com'}",optional,Canada Post racking up close to $1M a year in parking fines - CANOE,"Canada Post racking up close to $1M a year in parking fines CANOE Canada Post has paid almost $7.5M in parking fines in past decade CTV News Canada Post racking up close to $1 million a year in parking fines, data shows CP24 Toronto's Breaking News Canada Pos…",https://canoe.com/news/national/canada-post-racking-up-close-to-1m-a-year-in-parking-fines,https://postmediacanoe.files.wordpress.com/2019/09/canada-post.jpg,2019-09-29T20:56:00Z,"TORONTO — Canada Post is racking up close to $1 million annually in parking tickets as drivers struggle to navigate increasingly congested city streets, data show.
The information, obtained by The Canadian Press through freedom of information requests, indic… [+3511 chars]"
"{'id': None, 'name': 'Ctvnews.ca'}",Daniel J. Rowe,Air Canada staff will no longer greet 'ladies and gentlemen' onboard planes - CTV News,Air Canada staff will no longer greet 'ladies and gentlemen' onboard planes CTV News Air Canada drops ‘ladies and gentlemen’ for gender neutral ‘everyone’ NEWS.com.au Air Canada Will Now Use Gender Neutral Announcements Onboard Flights Simple Flying Air Canad…,https://montreal.ctvnews.ca/air-canada-staff-will-no-longer-greet-ladies-and-gentlemen-onboard-planes-1.4636694,https://www.ctvnews.ca/polopoly_fs/1.3279338.1486729121!/httpImage/image.jpg_gen/derivatives/landscape_620/image.jpg,2019-10-13T13:58:00Z,"MONTREAL -- Flight attendants at Air Canada will no longer greet passengers as ""ladies and gentlemen"" or ""mesdames et messieurs"" as they have for years.
Flight staff will no longer use gender terms in boarding announcements as the company will be replacing s… [+536 chars]"
"{'id': None, 'name': 'Starsandstripesfc.com'}",Parker Cleveland,Nations League recap - USA 0-2 Canada: An abysmal loss up north - Stars and Stripes FC,"Nations League recap - USA 0-2 Canada: An abysmal loss up north Stars and Stripes FC Canada vs. United States - Football Match Report - October 15, 2019 ESPN BTC: USMNT Efficient vs. Cuba in Nations League U.S. Soccer Canada 2, United States 0 | 2019 Concacaf…",https://www.starsandstripesfc.com/2019/10/15/20916454/nations-league-recap-usa-0-2-canada-an-abysmal-loss-up-north,https://cdn.vox-cdn.com/thumbor/zco-SqmVGf720Pe4Rcl_9ArGKMY=/0x0:3936x2061/fit-in/1200x630/cdn.vox-cdn.com/uploads/chorus_asset/file/19291241/1176119156.jpg.jpg,2019-10-16T01:54:16Z,"The US Mens National Team was back in Nations League action as it looked for its second win of the tournament at BMO Field in Canada. It would not come for the Americans. Rather, Canada was determined to play defensively and try to counter or take advantage o… [+4541 chars]"
"{'id': None, 'name': 'Huffingtonpost.ca'}",Connor Garel,Air Canada Will No Longer Call Passengers ‘Ladies And Gentlemen’ - HuffPost Canada,Air Canada Will No Longer Call Passengers ‘Ladies And Gentlemen’ HuffPost Canada View full coverage on Google News,https://www.huffingtonpost.ca/entry/air-canada-ladies-and-gentlemen_ca_5da5d9c0e4b01c76560d4fdb,https://img.huffingtonpost.com/asset/5da61bc9210000150e347d8b.jpeg?cache=FE1sWYjUFu&ops=1200_630,2019-10-15T19:30:25Z,"Most airlines have shared a similar greeting tradition for decades: a scripted announcement that plays through the overhead speakers after passengers find their seats. But in a newfound effort to be more inclusive, and more conscious of how people identify, A… [+4455 chars]"
"{'id': None, 'name': 'Globalnews.ca'}",hannahjacksonglobal,New numbers show 29% increase in advance voting over 2015: Elections Canada - Global News,New numbers show 29% increase in advance voting over 2015: Elections Canada Global News Snapchat teams up with Elections Canada to encourage young users to vote CTV News Canadian actor fears he may not be able to vote while on musical tour in U.S. CBC.ca Abou…,http://globalnews.ca/news/6038193/canada-election-advance-voting/,https://shawglobalnews.files.wordpress.com/2013/03/robocalls.jpg?quality=70&strip=all&crop=0px%2C0px%2C1120px%2C592px&resize=720%2C379,2019-10-16T14:15:22Z,"New numbers released by Elections Canada on Tuesday say voter turnout during the four-day advance polling period was up 29 per cent over numbers recorded ahead of the federal election in 2015.
According to Elections Canada, preliminary figures show 4.7 milli… [+2567 chars]"
"{'id': None, 'name': 'Bankofcanada.ca'}",optional,Business Outlook Survey—Autumn 2019 - Bank of Canada,"Business Outlook Survey—Autumn 2019 Bank of Canada Business outlook more rosy overall but Prairies still hard hit, Bank of Canada says CBC.ca Bank of Canada outlook suggests uptick in business sentiment - Business News Castanet.net Bank of Canada unlikely to …",https://www.bankofcanada.ca/2019/10/business-outlook-survey-autumn-2019/,https://www.bankofcanada.ca/wp-content/uploads/2017/04/BoC-Twitter_BG_900A.jpg,2019-10-22T14:34:33Z,"The Business Outlook Survey (BOS) indicator is a summary measure that captures common movements from the main BOS questions.2 A variant of the BOS indicator (Chart 1-A, black line) relies on the same BOS questions but at the regional level; thus, the number o… [+1496 chars]"
"{'id': 'techcrunch', 'name': 'TechCrunch'}",Catherine Shu,Twitter launches its anti-abuse filter for Direct Messages,"Twitter is rolling out its spam and abuse filter for Direct Messages, a month and a half after the company announced it had started testing the feature. The filter will be available on Twitter’s iOS, Android and Web apps. The filter adds a new view to the Add…",http://techcrunch.com/2019/09/30/twitter-launches-its-anti-abuse-filter-for-direct-messages/,https://techcrunch.com/wp-content/uploads/2019/07/twitter-logo-sketch-wide-inverted.png?w=711,2019-09-30T23:19:24Z,"Twitter is rolling out its spam and abuse filter for Direct Messages, a month and a half after the company announced it had started testing the feature. The filter will be available on Twitters iOS, Android and Web apps.
The filter adds a new view to the Add… [+1161 chars]"
"{'id': None, 'name': 'Sportsnet.ca'}",Jeff Blair,Canadian men’s team’s landmark moment within reach after signature win - Sportsnet.ca,Canadian men’s team’s landmark moment within reach after signature win Sportsnet.ca Canada Shock U.S.! What Went Wrong for the U.S? Major League Soccer Canada not done after historic win over USMNT: 'It's only one step' Sporting News Canadian men's soccer tea…,https://www.sportsnet.ca/soccer/canadian-mens-teams-landmark-moment-within-reach-signature-win/,https://www.sportsnet.ca/wp-content/uploads/2019/10/CanadaUSA.jpg,2019-10-16T04:44:00Z,"TORONTO — As far as I could tell, the country didnt stop Tuesday night. Too much stuff on right now: serious, political stuff. Hockey. Life as it is in this country in the early days of Fall.
But for once it seems as if that day may not be far off for the Ca… [+8670 chars]"
"{'id': None, 'name': 'Youtube.com'}",optional,Can a Trudeau minority mend provincial divides? | Power & Politics - CBC News,Can a Trudeau minority mend provincial divides? | Power & Politics CBC News Watch: Alberta Premier Post Federal Election Commentary Edmonton Journal Canada Election: Liberal victory renews separatist talk in Western Canada Global News Fire burning in Western …,https://www.youtube.com/watch?v=X6i9AzXCZAk,optional,2019-10-23T00:12:58Z,optional
"{'id': None, 'name': 'Youtube.com'}",optional,Canada Election: Trudeau casts his ballot on election day - Global News,"Canada Election: Trudeau casts his ballot on election day Global News Liberals bracing for losses in Atlantic Canada as polls open on the East Coast CTV News Natural resources, jobs and taxes in Andrew Scheer's letter to Dwight Ball CBC.ca The Munk debate tha…",https://www.youtube.com/watch?v=XzSawH0nJis,https://i.ytimg.com/vi/XzSawH0nJis/maxresdefault.jpg,2019-10-21T15:03:31Z,"Liberal Party Leader Justin Trudeau was joined by his wife, Sophie Grégoire Trudeau, and children as he cast his ballot in his home riding of Papineau on Monday.
For more info, please go to http://www.globalnews.caSubscribe to Global News Channel HERE: http:… [+271 chars]"
"{'id': None, 'name': 'Halifaxtoday.ca'}",The Conversation,"Decision to deploy genetically modified mosquitoes not made responsibly, researchers say - HalifaxToday.ca","Decision to deploy genetically modified mosquitoes not made responsibly, researchers say HalifaxToday.ca",https://www.halifaxtoday.ca/local-news/decision-to-deploy-genetically-modified-mosquitoes-not-made-responsibly-researchers-say-1743841,https://www.vmcdn.ca/f/files/baytoday/images/outdoors/mosquito-2017.jpg;w=630,2019-10-14T15:53:00Z,"This article, written by Natalie Kofler, University of Illinois at Urbana-Champaign; Françoise Baylis, Dalhousie University; Graham Dellaire, Dalhousie University, and Landon J Getz, Dalhousie University, originally appeared on The Conversation and has been r… [+8654 chars]"
"{'id': None, 'name': 'Mississauga.com'}",NaN,Scientist faces criticism on red meat study - Waterloo Chronicle,Scientist faces criticism on red meat study Waterloo Chronicle View full coverage on Google News,https://www.mississauga.com/community-story/9631621-scientist-faces-criticism-on-red-meat-study/,https://www.waterloochronicle.ca/Contents/Images/Communities/Waterloo_1200x630.png,2019-10-06T03:06:46Z,"HALIFAX A Canadian researcher who co-led a study that challenges well-worn advice to limit meat consumption has responded to criticisms he should have disclosed past ties to the global meat and food industry.
Dalhousie University's Bradley Johnston said Satu… [+1334 chars]"
"{'id': None, 'name': 'Thetelegram.com'}",Sharon Kirkey,"No, beef isn't bad for you: Scientists conclude there is no need to eat less red or processed meat - The Telegram","No, beef isn't bad for you: Scientists conclude there is no need to eat less red or processed meat The Telegram Red Meat Not So Bad For You After All Mother Jones Mis-steak: Researchers find red meat, processed food not as bad for health as previously thought…",https://www.thetelegram.com/news/canada/no-beef-isnt-bad-for-you-scientists-conclude-there-is-no-need-to-eat-less-red-or-processed-meat-358509/,https://www.thetelegram.com/media/photologue/photos/cache/meat-1png_medium,2019-10-05T19:44:25Z,"New guidelines certain to be celebrated by enthusiasts of the carnivore diet and denounced by others as nutritional heresy recommend most adults shouldn’t worry about eating less red or processed meat.
The recommendations — which conflict with virtually ever… [+7292 chars]"
"{'id': None, 'name': 'Runningmagazine.ca'}",Canadian Running,Red meat: study shows the danger may be less than we thought - Canadian Running Magazine,"Red meat: study shows the danger may be less than we thought Canadian Running Magazine To meat, or not to meat: Here's what you need to know about the latest study The Globe and Mail Your doctor may be wrong about red meat: Study The Straits Times ‘Totally bi…",https://runningmagazine.ca/health-nutrition/red-meat-study-shows-the-danger-may-be-less-than-we-thought/,https://runningmagazine.ca/wp-content/uploads/2014/02/139736560-e1547155305713.jpg,2019-10-02T20:05:41Z,"Runners who derive a significant portion of their protein and iron needs by consuming red meat, despite the warnings about the risk of heart disease and cancer are encouraged by the results of a recent review of the evidence on the subject, which found that w… [+2416 chars]"
"{'id': None, 'name': 'Castanet.net'}",NaN,Study: red meat not so bad? - Canada News - Castanet.net,A Canadian researcher who co-led a study that challenges well-worn advice to limit meat consumption has responded to criticisms he should have disclosed past ties to the global meat and food industry.,https://www.castanet.net/news/Canada/267557/Study-red-meat-not-so-bad,https://www.castanet.net/content/2019/10/CPT10122897_p3410525.jpg,2019-10-06T13:55:00Z,"A Canadian researcher who co-led a study that challenges well-worn advice to limit meat consumption has responded to criticisms he should have disclosed past ties to the global meat and food industry.
Dalhousie University's Bradley Johnston said Saturday tha… [+2269 chars]"
"{'id': None, 'name': 'Sciencedaily.com'}",NaN,No need to cut down red and processed meat: Study,"Contrary to previous advice, five new systematic reviews suggest that most people can continue to eat red and processed meat as they do now. The major studies have found cutting back has little impact on health.",https://www.sciencedaily.com/releases/2019/09/190930215122.htm,https://www.sciencedaily.com/images/2019/09/190930215122_1_540x360.jpg,2019-10-01T01:51:22Z,Most people can continue to eat red and processed meat as they do now. A major study led by researchers at McMaster and Dalhousie universities has found cutting back has little impact on health.A panel of international scientists systematically reviewed the e… [+3331 chars]
"{'id': None, 'name': 'Globalnews.ca'}",Michelle McQuigge,Experts say zero-tolerance policies aimed at stopping bullying aren’t working - Global News,"Experts say zero-tolerance policies aimed at stopping bullying aren’t working Global News Zero-tolerance policies aimed at stopping bullying not working, experts say CBC.ca Zero-tolerance policies aimed at stopping bullying not working, say experts CTV News V…",http://globalnews.ca/news/6019367/bullying-zero-tolerance-policies/,https://shawglobalnews.files.wordpress.com/2019/10/selvey-1.jpg?quality=70&strip=all&w=720&h=379&crop=1,2019-10-11T01:27:52Z,"TORONTO – The shocking death of a 14-year-old Ontario boy who was stabbed outside his high school raises questions about the effectiveness of the anti-bullying campaigns that have gained prominence in Canada in recent years, those with expertise in the matter… [+4232 chars]"
"{'id': 'the-globe-and-mail', 'name': 'The Globe And Mail'}",NaN,"To meat, or not to meat: Here's how good or bad a carnivorous diet is - The Globe and Mail","To meat, or not to meat: Here's how good or bad a carnivorous diet is The Globe and Mail Your doctor may be wrong about red meat: Study The Straits Times ‘Totally bizarre!’ — nutritionists see red over study downplaying the health risks of red meat MarketWatc…",https://www.theglobeandmail.com/life/health-and-fitness/article-to-meat-or-not-to-meat-heres-how-good-or-bad-is-a-carnivorous-diet/,https://www.theglobeandmail.com/resizer/22GCW3ZSzaxabzk3fWRmHkgHBu4=/1200x0/filters:quality(80)/arc-anglerfish-tgam-prod-tgam.s3.amazonaws.com/public/M5XFEJ6QINFJBJSWXQPY5KP7EE.JPG,2019-10-02T15:28:20Z,"Leslie Beck, a Toronto-based private practice dietitian, is Director of Food and Nutrition at Medcan.
OZIER MUHAMMAD/The New York Times News Service
Talk about a major dietary flip flop. Findings published this week in the Annals of Internal Medicine conclu… [+5335 chars]"
"{'id': None, 'name': 'Jordantimes.com'}",NaN,Should you keep eating red meat? - Jordan Times,"By Ryan W. MillerShould you stop eating red meat for health reasons?That’s the question rocking the nutrition and scientific community after guidelines published in a peer-reviewed journal said people should continue eating red meat, running counter to what m…",https://www.jordantimes.com/news/features/should-you-keep-eating-red-meat,NaN,2019-10-06T19:53:15Z,"By Ryan W. Miller
Should you stop eating red meat for health reasons?
Thats the question rocking the nutrition and scientific community after guidelines published in a peer-reviewed journal said people should continue eating red meat, running counter to wha… [+6114 chars]"
"{'id': None, 'name': 'Bustle.com'}",NaN,A New Study Says Red Meat Isn't Bad For You — But Scientists Disagree - Bustle,A New Study Says Red Meat Isn't Bad For You — But Scientists Disagree Bustle Your doctor may be wrong about red meat: Study The Straits Times ‘Totally bizarre!’ — nutritionists see red over study downplaying the health risks of red meat MarketWatch New Study …,https://www.bustle.com/p/red-meat-isnt-unhealthy-a-new-study-says-18815902,https://imgix.bustle.com/uploads/shutterstock/2019/10/2/c4e16774-a924-44af-9546-c9059cf24f61-shutterstock-1255329469.jpg?w=1200&h=630&q=70&fit=crop&crop=faces&fm=jpg,2019-10-02T16:14:00Z,"For years, dietary advice has suggested that people should lower their intake of red and processed meats because of potential health issues, including higher risk of cardiovascular illnesses and cancers. Now, a new and controversial review of the science arou… [+7143 chars]"
"{'id': None, 'name': 'Electricautonomy.ca'}",Emma Jarratt,"Tesla Acquires Canadian Battery Specialist, Hibar Systems",Ontario-based company brings specialist battery manufacturing expertise to global EV giant amid talk of “Tesla’s secret battery lab”,https://electricautonomy.ca/2019/10/04/tesla-acquires-canadian-battery-specialist-hibar-systems/,https://electricautonomy.ca/wp-content/uploads/2019/10/Tesla-acquires-Canadian-battery-specialist-Hibar-Systems-Limited.png,2019-10-05T10:05:34Z,"Tesla Inc. is expanding into Canada with the purchase of a Richmond Hill, Ont., company specializing in battery manufacturing, Hibar Systems Ltd.
The quiet purchase not previously reported happened between July and October of this year, public records show.… [+5278 chars]"
"{'id': None, 'name': 'Everydayhealth.com'}",Becky Upham,Do You Really Need to Eat Less Red Meat? - Everyday Health,"New guidelines suggest there isn’t enough evidence to recommend cutting back on red meat to prevent heart disease, diabetes, and early death. But several scientists disagree with the controversial findings. Learn more about the analysis here.",https://www.everydayhealth.com/diet-nutrition/you-really-need-eat-less-red-meat/,https://images.agoramedia.com/everydayhealth/gcms/Questions-Role-of-Red-Meat-Reduction-in-Cancer-722x406.jpg,2019-10-08T01:41:24Z,"One day carbs are okay; the next they're the devil. Fat was the culprit of the obesity epidemic; now, loading up is touted as a quick-fix for weight loss. If you're a health news consumer, you're no stranger to nutrition advice that flip-flops so much it can … [+17229 chars]"
"{'id': 'the-globe-and-mail', 'name': 'The Globe And Mail'}",NaN,"The Green Leader's great expectations: How Elizabeth May nearly quit after 2015, but stayed for a showdown on climate change - The Globe and Mail","The Green Leader's great expectations: How Elizabeth May nearly quit after 2015, but stayed for a showdown on climate change The Globe and Mail Elizabeth May says minority government likely on Monday CBC.ca Green Leader Elizabeth May predicts Canadians will e…",https://www.theglobeandmail.com/canada/british-columbia/article-green-party-elizabeth-may-profile-climate-change-election/,https://www.theglobeandmail.com/resizer/zXop3L0Fa7ZkCMYeucbuwb8B43U=/1200x0/filters:quality(80)/arc-anglerfish-tgam-prod-tgam.s3.amazonaws.com/public/Y4VCATIUQVGHXHY7IY4PODG6H4.jpg,2019-10-17T00:19:33Z,"Green Leader Elizabeth May arrives for a federal election campaign stop via public transit in Longueuil, Que., on Oct. 8, 2019.
The Canadian Press
Elizabeth May is in the middle of her fourth federal election campaign as Leader of the Green party, and this … [+23147 chars]"
"{'id': 'usa-today', 'name': 'USA Today'}","USA TODAY, Ryan W. Miller, USA TODAY",Should you keep eating red meat? Controversial study says well-known health risks are just bad science,A study from the NutriRECS group published in the Annals of Internal Medicine urged adults to keep eating red meat. Doctors are now pushing back.,https://www.usatoday.com/story/news/health/2019/10/02/red-meat-study-known-health-risks-unfounded-doctors-decry-guidelines/3838947002/?utm_source=google&utm_medium=amp&utm_campaign=speakable,https://www.gannett-cdn.com/-mm-/e2d270b9efe4517242afaed0fb1542347c8a15ae/c=0-127-580-453/local/-/media/2018/08/02/USATODAY/usatsports/MotleyFool-TMOT-37c7433a-beef_large.jpg?width=3200&height=1680&fit=crop,2019-10-02T14:18:15Z,"Even vegetarians can rejoice over these new types of meat hitting the market. Here's why.
 Just the FAQs, USA TODAY
Story Highlights
A new report suggests longstanding guidelines that red meat is bad for your health may not be true.The stu… [+7080 chars]"
"{'id': None, 'name': 'Hackaday.com'}",Bob Baddeley,Better Battery Management Through Chemistry,"The lead-acid rechargeable battery is a not-quite-modern marvel. Super reliable and easy to use, charging it is just a matter of applying a fixed voltage to it and waiting a while; eventually the battery is charged and stays topped off, and that’s it. Their e…",https://hackaday.com/2019/10/07/better-battery-management-through-chemistry/,https://hackaday.com/wp-content/uploads/2019/10/Battery.jpg,2019-10-07T14:01:51Z,"The lead-acid rechargeable battery is a not-quite-modern marvel. Super reliable and easy to use, charging it is just a matter of applying a fixed voltage to it and waiting a while; eventually the battery is charged and stays topped off, and that’s it. Their e… [+8975 chars]"
"{'id': None, 'name': 'Forbes.com'}","Sandra MacGregor, Contributor, Sandra MacGregor, Contributor https://www.forbes.com/sites/sandramacgregor/",Best Hotels For A Spooky Stay This Halloween,Pining for the paranormal? Celebrate Halloween with a stay at one of the world's most haunted hotels.,https://www.forbes.com/sites/sandramacgregor/2019/10/24/best-hotels-for-a-spooky-stay-this-halloween/,https://thumbor.forbes.com/thumbor/600x315/https%3A%2F%2Fspecials-images.forbesimg.com%2Fimageserve%2F5db0f06f616a4500070472d3%2F960x0.jpg%3FcropX1%3D0%26cropX2%3D1024%26cropY1%3D52%26cropY2%3D628,2019-10-24T11:30:00Z,"Queen Mary Hotel Dark Harbor experience
MediaNews Group via Getty Images
What better way to get into the Halloween spirit then with a stay at a haunted hotel? Luckily there are plenty of perfectly peculiar properties that offer incredibly eerie accommodatio… [+9174 chars]"
"{'id': None, 'name': 'Nejm.org'}","Jon Dorling, Jane Abbott, Janet Berrington, Beth Bosiak, Ursula Bowler, Elaine Boyle, Nicholas Embleton, Oliver Hewer, Samantha Johnson, Edmund Juszczak, Alison Leaf, Louise Linsell, Kenny McCormick, William McGuire, Omar Omar, Christopher Partlett, Mehali Patel, Tracy Roberts, Ben Stenson, John Townend",Controlled Trial of Two Incremental Milk-Feeding Rates in Preterm Infants,Original Article from The New England Journal of Medicine — Controlled Trial of Two Incremental Milk-Feeding Rates in Preterm Infants,https://www.nejm.org/doi/full/10.1056/NEJMoa1816654,https://www.nejm.org/na101/home/literatum/publisher/mms/journals/content/nejm/2019/nejm_2019.381.issue-15/nejmoa1816654/20191007/images/img_small/nejmoa1816654_f1.jpeg,2019-10-04T02:00:53Z,"From the Division of NeonatalPerinatal Medicine, Dalhousie University, Halifax, NS, Canada (J.D.); and Bliss, London (J.A., M.P.), the National Perinatal Epidemiology Unit Clinical Trials Unit, Nuffield Department of Population Health, University of Oxford (B… [+1016 chars]"
"{'id': None, 'name': 'Yahoo.com'}",Laurent Belsie,Too much milk: Two nations’ travails with dairy policy,The U.S. has embraced exports. Canada keeps them out to manage its milk supply. Global markets pose a challenge to both.,https://news.yahoo.com/too-much-milk-two-nations-110927828.html,https://s.yimg.com/ny/api/res/1.2/9qqDMd8sFhIlLcXR8YUuNg--/YXBwaWQ9aGlnaGxhbmRlcjt3PTEyODA7aD04NTMuMzMzMzMzMzMzMzMzNA--/https://s.yimg.com/uu/api/res/1.2/HlPwgJTBeWtjkS.SzIsohA--~B/aD02MDA7dz05MDA7c209MTthcHBpZD15dGFjaHlvbg--/https://media.zenfs.com/en-us/csmonitor.com/72419b672012562d410c7369e3f6e75d,2019-10-16T11:09:27Z,"Standing in her barn outside Cambridge, Wisconsin, surrounded by cows with tags in their ears, Tina Hinchley is growing optimistic that the five-year crisis in Americas dairy industry is coming to an end.
We are not out of the woods yet, she says. But I see … [+7097 chars]"
"{'id': None, 'name': 'Globalnews.ca'}",Rachel Browne,"In 2015, Justin Trudeau declared ‘Canada is back’— so where are we now? - Global News","In 2015, Justin Trudeau declared ‘Canada is back’— so where are we now? Global News In 2019, Justin Trudeau has baggage - and faces a very different political landscape CBC.ca Jeered and cheered in Calgary, Trudeau spends final day of campaign in B.C. CTV New…",http://globalnews.ca/news/6047377/justin-trudeau-2015-and-now/,https://shawglobalnews.files.wordpress.com/2019/10/10276498.jpg?quality=70&strip=all&w=720&h=379&crop=1,2019-10-20T11:00:32Z,"Right after Justin Trudeau led the Liberals to a strong victory in the 2015 federal election, he declared that he would also guide Canada back to its rightful place on the global stage in the aftermath of a decade under the Conservatives.
To this countrys fr… [+15220 chars]"
"{'id': 'al-jazeera-english', 'name': 'Al Jazeera English'}",Al Jazeera,How risky is eating red meat for your health?,Researchers' advice that adults keep 'current unprocessed red meat consumption' draws sharp reaction from other experts.,https://www.aljazeera.com/news/2019/10/risky-eating-red-meat-health-191001115115895.html,https://www.aljazeera.com/mritems/Images/2019/10/1/8ed53ad1f3fe4ddfb94906968b9e399c_18.jpg,2019-10-01T13:08:49Z,"Cutting back on red meat is standard medical advice to prevent cancer and heart disease - but a review of dozens of studies has concluded that the potential risk is low and evidence uncertain.
In new guidelines published on Monday in the Annals of Internal M… [+2883 chars]"
"{'id': None, 'name': 'Halifaxtoday.ca'}",The Conversation,"Decision to deploy genetically modified mosquitoes not made responsibly, researchers say - HalifaxToday.ca","Decision to deploy genetically modified mosquitoes not made responsibly, researchers say HalifaxToday.ca",https://www.halifaxtoday.ca/local-news/decision-to-deploy-genetically-modified-mosquitoes-not-made-responsibly-researchers-say-1743841,https://www.vmcdn.ca/f/files/baytoday/images/outdoors/mosquito-2017.jpg;w=630,2019-10-14T15:53:00Z,"This article, written by Natalie Kofler, University of Illinois at Urbana-Champaign; Françoise Baylis, Dalhousie University; Graham Dellaire, Dalhousie University, and Landon J Getz, Dalhousie University, originally appeared on The Conversation and has been r… [+8654 chars]"
"{'id': None, 'name': 'Mississauga.com'}",NaN,Scientist faces criticism on red meat study - Waterloo Chronicle,Scientist faces criticism on red meat study Waterloo Chronicle View full coverage on Google News,https://www.mississauga.com/community-story/9631621-scientist-faces-criticism-on-red-meat-study/,https://www.waterloochronicle.ca/Contents/Images/Communities/Waterloo_1200x630.png,2019-10-06T03:06:46Z,"HALIFAX A Canadian researcher who co-led a study that challenges well-worn advice to limit meat consumption has responded to criticisms he should have disclosed past ties to the global meat and food industry.
Dalhousie University's Bradley Johnston said Satu… [+1334 chars]"
"{'id': None, 'name': 'Thetelegram.com'}",Sharon Kirkey,"No, beef isn't bad for you: Scientists conclude there is no need to eat less red or processed meat - The Telegram","No, beef isn't bad for you: Scientists conclude there is no need to eat less red or processed meat The Telegram Red Meat Not So Bad For You After All Mother Jones Mis-steak: Researchers find red meat, processed food not as bad for health as previously thought…",https://www.thetelegram.com/news/canada/no-beef-isnt-bad-for-you-scientists-conclude-there-is-no-need-to-eat-less-red-or-processed-meat-358509/,https://www.thetelegram.com/media/photologue/photos/cache/meat-1png_medium,2019-10-05T19:44:25Z,"New guidelines certain to be celebrated by enthusiasts of the carnivore diet and denounced by others as nutritional heresy recommend most adults shouldn’t worry about eating less red or processed meat.
The recommendations — which conflict with virtually ever… [+7292 chars]"
"{'id': None, 'name': 'Runningmagazine.ca'}",Canadian Running,Red meat: study shows the danger may be less than we thought - Canadian Running Magazine,"Red meat: study shows the danger may be less than we thought Canadian Running Magazine To meat, or not to meat: Here's what you need to know about the latest study The Globe and Mail Your doctor may be wrong about red meat: Study The Straits Times ‘Totally bi…",https://runningmagazine.ca/health-nutrition/red-meat-study-shows-the-danger-may-be-less-than-we-thought/,https://runningmagazine.ca/wp-content/uploads/2014/02/139736560-e1547155305713.jpg,2019-10-02T20:05:41Z,"Runners who derive a significant portion of their protein and iron needs by consuming red meat, despite the warnings about the risk of heart disease and cancer are encouraged by the results of a recent review of the evidence on the subject, which found that w… [+2416 chars]"
"{'id': None, 'name': 'Castanet.net'}",NaN,Study: red meat not so bad? - Canada News - Castanet.net,A Canadian researcher who co-led a study that challenges well-worn advice to limit meat consumption has responded to criticisms he should have disclosed past ties to the global meat and food industry.,https://www.castanet.net/news/Canada/267557/Study-red-meat-not-so-bad,https://www.castanet.net/content/2019/10/CPT10122897_p3410525.jpg,2019-10-06T13:55:00Z,"A Canadian researcher who co-led a study that challenges well-worn advice to limit meat consumption has responded to criticisms he should have disclosed past ties to the global meat and food industry.
Dalhousie University's Bradley Johnston said Saturday tha… [+2269 chars]"
"{'id': None, 'name': 'Globalnews.ca'}",Michelle McQuigge,Experts say zero-tolerance policies aimed at stopping bullying aren’t working - Global News,"Experts say zero-tolerance policies aimed at stopping bullying aren’t working Global News Zero-tolerance policies aimed at stopping bullying not working, experts say CBC.ca Zero-tolerance policies aimed at stopping bullying not working, say experts CTV News V…",http://globalnews.ca/news/6019367/bullying-zero-tolerance-policies/,https://shawglobalnews.files.wordpress.com/2019/10/selvey-1.jpg?quality=70&strip=all&w=720&h=379&crop=1,2019-10-11T01:27:52Z,"TORONTO – The shocking death of a 14-year-old Ontario boy who was stabbed outside his high school raises questions about the effectiveness of the anti-bullying campaigns that have gained prominence in Canada in recent years, those with expertise in the matter… [+4232 chars]"
"{'id': None, 'name': 'Jordantimes.com'}",NaN,Should you keep eating red meat? - Jordan Times,"By Ryan W. MillerShould you stop eating red meat for health reasons?That’s the question rocking the nutrition and scientific community after guidelines published in a peer-reviewed journal said people should continue eating red meat, running counter to what m…",https://www.jordantimes.com/news/features/should-you-keep-eating-red-meat,NaN,2019-10-06T19:53:15Z,"By Ryan W. Miller
Should you stop eating red meat for health reasons?
Thats the question rocking the nutrition and scientific community after guidelines published in a peer-reviewed journal said people should continue eating red meat, running counter to wha… [+6114 chars]"
"{'id': None, 'name': 'Bustle.com'}",NaN,A New Study Says Red Meat Isn't Bad For You — But Scientists Disagree - Bustle,A New Study Says Red Meat Isn't Bad For You — But Scientists Disagree Bustle Your doctor may be wrong about red meat: Study The Straits Times ‘Totally bizarre!’ — nutritionists see red over study downplaying the health risks of red meat MarketWatch New Study …,https://www.bustle.com/p/red-meat-isnt-unhealthy-a-new-study-says-18815902,https://imgix.bustle.com/uploads/shutterstock/2019/10/2/c4e16774-a924-44af-9546-c9059cf24f61-shutterstock-1255329469.jpg?w=1200&h=630&q=70&fit=crop&crop=faces&fm=jpg,2019-10-02T16:14:00Z,"For years, dietary advice has suggested that people should lower their intake of red and processed meats because of potential health issues, including higher risk of cardiovascular illnesses and cancers. Now, a new and controversial review of the science arou… [+7143 chars]"
"{'id': None, 'name': 'Sciencedaily.com'}",NaN,No need to cut down red and processed meat: Study,"Contrary to previous advice, five new systematic reviews suggest that most people can continue to eat red and processed meat as they do now. The major studies have found cutting back has little impact on health.",https://www.sciencedaily.com/releases/2019/09/190930215122.htm,https://www.sciencedaily.com/images/2019/09/190930215122_1_540x360.jpg,2019-10-01T01:51:22Z,Most people can continue to eat red and processed meat as they do now. A major study led by researchers at McMaster and Dalhousie universities has found cutting back has little impact on health.A panel of international scientists systematically reviewed the e… [+3331 chars]
"{'id': None, 'name': 'Everydayhealth.com'}",Becky Upham,Do You Really Need to Eat Less Red Meat? - Everyday Health,"New guidelines suggest there isn’t enough evidence to recommend cutting back on red meat to prevent heart disease, diabetes, and early death. But several scientists disagree with the controversial findings. Learn more about the analysis here.",https://www.everydayhealth.com/diet-nutrition/you-really-need-eat-less-red-meat/,https://images.agoramedia.com/everydayhealth/gcms/Questions-Role-of-Red-Meat-Reduction-in-Cancer-722x406.jpg,2019-10-08T01:41:24Z,"One day carbs are okay; the next they're the devil. Fat was the culprit of the obesity epidemic; now, loading up is touted as a quick-fix for weight loss. If you're a health news consumer, you're no stranger to nutrition advice that flip-flops so much it can … [+17229 chars]"
"{'id': 'usa-today', 'name': 'USA Today'}","USA TODAY, Ryan W. Miller, USA TODAY",Should you keep eating red meat? Controversial study says well-known health risks are just bad science,A study from the NutriRECS group published in the Annals of Internal Medicine urged adults to keep eating red meat. Doctors are now pushing back.,https://www.usatoday.com/story/news/health/2019/10/02/red-meat-study-known-health-risks-unfounded-doctors-decry-guidelines/3838947002/?utm_source=google&utm_medium=amp&utm_campaign=speakable,https://www.gannett-cdn.com/-mm-/e2d270b9efe4517242afaed0fb1542347c8a15ae/c=0-127-580-453/local/-/media/2018/08/02/USATODAY/usatsports/MotleyFool-TMOT-37c7433a-beef_large.jpg?width=3200&height=1680&fit=crop,2019-10-02T14:18:15Z,"Even vegetarians can rejoice over these new types of meat hitting the market. Here's why.
 Just the FAQs, USA TODAY
Story Highlights
<ul><li>A new report suggests longstanding guidelines that red meat is bad for your health may not be true.</li><li>The stu… [+7080 chars]"
"{'id': None, 'name': 'Globalnews.ca'}",Rachel Browne,"In 2015, Justin Trudeau declared ‘Canada is back’— so where are we now? - Global News","In 2015, Justin Trudeau declared ‘Canada is back’— so where are we now? Global News In 2019, Justin Trudeau has baggage - and faces a very different political landscape CBC.ca Jeered and cheered in Calgary, Trudeau spends final day of campaign in B.C. CTV New…",http://globalnews.ca/news/6047377/justin-trudeau-2015-and-now/,https://shawglobalnews.files.wordpress.com/2019/10/10276498.jpg?quality=70&strip=all&w=720&h=379&crop=1,2019-10-20T11:00:32Z,"Right after Justin Trudeau led the Liberals to a strong victory in the 2015 federal election, he declared that he would also guide Canada back to its rightful place on the global stage in the aftermath of a decade under the Conservatives.
To this countrys fr… [+15220 chars]"
"{'id': None, 'name': 'Electricautonomy.ca'}",Emma Jarratt,"Tesla Acquires Canadian Battery Specialist, Hibar Systems",Ontario-based company brings specialist battery manufacturing expertise to global EV giant amid talk of “Tesla’s secret battery lab”,https://electricautonomy.ca/2019/10/04/tesla-acquires-canadian-battery-specialist-hibar-systems/,https://electricautonomy.ca/wp-content/uploads/2019/10/Tesla-acquires-Canadian-battery-specialist-Hibar-Systems-Limited.png,2019-10-05T10:05:34Z,"Tesla Inc. is expanding into Canada with the purchase of a Richmond Hill, Ont., company specializing in battery manufacturing, Hibar Systems Ltd.
The quiet purchase not previously reported happened between July and October of this year, public records show.… [+5278 chars]"
"{'id': None, 'name': 'Futurity.org'}",U. Washington,Costs and demand keep fish from malnourished people on coasts,"Having some of the most nutritious fish in the world nearby doesn't save millions of people, particularly children, from malnutrition.",https://www.futurity.org/malnutrition-nutritious-fish-2172142-2/,https://www.futurity.org/wp/wp-content/uploads/2019/09/man-cleaning-fish-on-beach_1600.jpg,2019-09-30T13:08:34Z,"Malnutrition affects millions of people despite the fact that fishers catch some of the most nutritious fish in the world near their homes, according to a new study.
Children in particular are vulnerable and could see significant health improvements if just … [+4079 chars]"
"{'id': None, 'name': 'Nejm.org'}","Jon Dorling, Jane Abbott, Janet Berrington, Beth Bosiak, Ursula Bowler, Elaine Boyle, Nicholas Embleton, Oliver Hewer, Samantha Johnson, Edmund Juszczak, Alison Leaf, Louise Linsell, Kenny McCormick, William McGuire, Omar Omar, Christopher Partlett, Mehali Patel, Tracy Roberts, Ben Stenson, John Townend",Controlled Trial of Two Incremental Milk-Feeding Rates in Preterm Infants,Original Article from The New England Journal of Medicine — Controlled Trial of Two Incremental Milk-Feeding Rates in Preterm Infants,https://www.nejm.org/doi/full/10.1056/NEJMoa1816654,https://www.nejm.org/na101/home/literatum/publisher/mms/journals/content/nejm/2019/nejm_2019.381.issue-15/nejmoa1816654/20191007/images/img_small/nejmoa1816654_f1.jpeg,2019-10-04T02:00:53Z,"From the Division of NeonatalPerinatal Medicine, Dalhousie University, Halifax, NS, Canada (J.D.); and Bliss, London (J.A., M.P.), the National Perinatal Epidemiology Unit Clinical Trials Unit, Nuffield Department of Population Health, University of Oxford (B… [+1016 chars]"
"{'id': None, 'name': 'Yahoo.com'}",Laurent Belsie,Too much milk: Two nations’ travails with dairy policy,The U.S. has embraced exports. Canada keeps them out to manage its milk supply. Global markets pose a challenge to both.,https://news.yahoo.com/too-much-milk-two-nations-110927828.html,https://s.yimg.com/ny/api/res/1.2/9qqDMd8sFhIlLcXR8YUuNg--/YXBwaWQ9aGlnaGxhbmRlcjt3PTEyODA7aD04NTMuMzMzMzMzMzMzMzMzNA--/https://s.yimg.com/uu/api/res/1.2/HlPwgJTBeWtjkS.SzIsohA--~B/aD02MDA7dz05MDA7c209MTthcHBpZD15dGFjaHlvbg--/https://media.zenfs.com/en-us/csmonitor.com/72419b672012562d410c7369e3f6e75d,2019-10-16T11:09:27Z,"Standing in her barn outside Cambridge, Wisconsin, surrounded by cows with tags in their ears, Tina Hinchley is growing optimistic that the five-year crisis in Americas dairy industry is coming to an end.
We are not out of the woods yet, she says. But I see … [+7097 chars]"
"{'id': 'the-globe-and-mail', 'name': 'The Globe And Mail'}",NaN,"The Green Leader's great expectations: How Elizabeth May nearly quit after 2015, but stayed for a showdown on climate change - The Globe and Mail","The Green Leader's great expectations: How Elizabeth May nearly quit after 2015, but stayed for a showdown on climate change The Globe and Mail Elizabeth May says minority government likely on Monday CBC.ca Green Leader Elizabeth May predicts Canadians will e…",https://www.theglobeandmail.com/canada/british-columbia/article-green-party-elizabeth-may-profile-climate-change-election/,https://www.theglobeandmail.com/resizer/zXop3L0Fa7ZkCMYeucbuwb8B43U=/1200x0/filters:quality(80)/arc-anglerfish-tgam-prod-tgam.s3.amazonaws.com/public/Y4VCATIUQVGHXHY7IY4PODG6H4.jpg,2019-10-17T00:19:33Z,"Green Leader Elizabeth May arrives for a federal election campaign stop via public transit in Longueuil, Que., on Oct. 8, 2019.
The Canadian Press
Elizabeth May is in the middle of her fourth federal election campaign as Leader of the Green party, and this … [+23147 chars]"
"{'id': None, 'name': 'Hackaday.com'}",Bob Baddeley,Better Battery Management Through Chemistry,"The lead-acid rechargeable battery is a not-quite-modern marvel. Super reliable and easy to use, charging it is just a matter of applying a fixed voltage to it and waiting a while; eventually the battery is charged and stays topped off, and that’s it. Their e…",https://hackaday.com/2019/10/07/better-battery-management-through-chemistry/,https://hackaday.com/wp-content/uploads/2019/10/Battery.jpg,2019-10-07T14:01:51Z,"The lead-acid rechargeable battery is a not-quite-modern marvel. Super reliable and easy to use, charging it is just a matter of applying a fixed voltage to it and waiting a while; eventually the battery is charged and stays topped off, and that’s it. Their e… [+8975 chars]"
"{'id': 'national-review', 'name': 'National Review'}",Mairead McArdle,"Study: Red, Processed Meat Not a Significant Health Risk","The results are ""sure to be controversial,"" authors at the Indiana University School of Medicine said in an editorial.",https://www.nationalreview.com/news/study-red-processed-meat-not-a-significant-health-risk/,https://i0.wp.com/www.nationalreview.com/wp-content/uploads/2017/10/ffood03_0.jpg?fit=1200%2C700&ssl=1,2019-10-01T12:54:45Z,"An employee prepares food orders at the Isla Burger Halal restaurant in Nice, France, September 25, 2017. (Eric Gaillard/Reuters)
Most people may continue to eat their current levels of red and processed meat without endangering their health, according to a … [+1927 chars]"
"{'id': 'al-jazeera-english', 'name': 'Al Jazeera English'}",Al Jazeera,How risky is eating red meat for your health?,Researchers' advice that adults keep 'current unprocessed red meat consumption' draws sharp reaction from other experts.,https://www.aljazeera.com/news/2019/10/risky-eating-red-meat-health-191001115115895.html,https://www.aljazeera.com/mritems/Images/2019/10/1/8ed53ad1f3fe4ddfb94906968b9e399c_18.jpg,2019-10-01T13:08:49Z,"Cutting back on red meat is standard medical advice to prevent cancer and heart disease - but a review of dozens of studies has concluded that the potential risk is low and evidence uncertain.
In new guidelines published on Monday in the Annals of Internal M… [+2883 chars]"
"{'id': None, 'name': 'Ctvnews.ca'}",Digital Producer,Halifax police arrest 18 Extinction Rebellion protesters at Macdonald Bridge - CTV News,"More than a dozen people were arrested and released following a planned protest that prompted the closure of the Macdonald Bridge, which links Halifax and Dartmouth, Monday morning.",https://atlantic.ctvnews.ca/halifax-police-arrest-18-extinction-rebellion-protesters-at-macdonald-bridge-1.4627009,https://www.ctvnews.ca/polopoly_fs/1.4627471.1570463760!/httpImage/image.jpg_gen/derivatives/landscape_620/image.jpg,2019-10-07T18:47:00Z,"More than a dozen people were arrested and released following a planned protest that prompted the closure of the Macdonald Bridge, which links Halifax and Dartmouth, Monday morning.
There was a heavy police presence on the Dartmouth side of the bridge for th… [+5802 chars]"
"{'id': None, 'name': 'Design-milk.com'}",Caroline Williamson,A Gus* Modern x LUUM Textiles Mashup That Creates Playful Results,Gus* Modern launched a collection with LUUM Textiles that reimagines the Halifax Chair and Porter End Table with new colorways based on LUMM's Knurl fabric.,https://design-milk.com/a-gus-modern-x-luum-textiles-mashup-that-creates-playful-results/,https://design-milk.com/images/2019/10/Gus-x-Luum-textile-Collection-1.jpg,2019-10-17T17:00:29Z,Canadian furniture favorites Gus* Modern just launched a limited edition collection with LUUM Textiles that resulted in delightful color combinations. The collaboration reimagines the Gus* Modern Halifax Chair and Porter End Table with three new colorways cen… [+344 chars]
"{'id': None, 'name': 'Ctvnews.ca'}",THE CANADIAN PRESS,Man falls off Macdonald Bridge after slow speed chase with police - CTV News,Man falls off Macdonald Bridge after slow speed chase with police CTV News View full coverage on Google News,https://atlantic.ctvnews.ca/man-falls-off-macdonald-bridge-after-slow-speed-chase-with-police-1.4647579,https://www.ctvnews.ca/polopoly_fs/1.4647781.1571670924!/httpImage/image.jpg_gen/derivatives/landscape_620/image.jpg,2019-10-21T13:07:00Z,"HALIFAX -- Nova Scotia's police watchdog is investigating after a 29-year-old man fell to his death from a Halifax bridge following a ""slow-speed pursuit"" involving municipal officers.
The Serious Incident Response Team, or SIRT, confirmed Monday it's invest… [+1149 chars]"
"{'id': 'mashable', 'name': 'Mashable'}",Rachel Thompson,72 female MPs sign open letter condemning 'colonial' media coverage of Meghan Markle,72 female politicians in the UK have written an open letter to Meghan Markle pledging their solidarity with her as she and Prince Harry take a stand against several British media outlets. Holly Lynch MP — Labour MP for Halifax — tweeted an image of the letter…,https://mashable.com/article/mp-letter-meghan-markle/,https://mondrian.mashable.com/2019%252F10%252F30%252F17%252F63540c59fe494d61a754f341bf64addc.a6f38.jpg%252F1200x630.jpg?signature=irOubQY-tqLrq4bug2AcYupLUro=,2019-10-30T13:02:40Z,"72 female politicians in the UK have written an open letter to Meghan Markle pledging their solidarity with her as she and Prince Harry take a stand against several British media outlets. 
Holly Lynch MP Labour MP for Halifax tweeted an image of the letter, … [+2162 chars]"
"{'id': None, 'name': 'Ctvnews.ca'}",Michael Tutton,"Power outages, fallen trees as Maritimes rocked by strong fall storm - CTV News","Power outages, fallen trees as Maritimes rocked by strong fall storm CTV News Thousands of Maritimers without power as storm brings high winds, heavy rain Global News 'Weather bomb' hits N.S. with power outages, downed trees, flooding CBC.ca View full coverag…",https://atlantic.ctvnews.ca/power-outages-fallen-trees-as-maritimes-rocked-by-strong-fall-storm-1.4642545,https://www.ctvnews.ca/polopoly_fs/1.4643026.1571332993!/httpImage/image.jpg_gen/derivatives/landscape_620/image.jpg,2019-10-17T21:44:00Z,"HALIFAX -- Thousands of Maritimers lost power on Thursday as a slow-moving fall storm crawled through the region, bringing downpours, powerful gusts and toppled trees.
Forecasters said sustained winds of about 60 kilometres per hour hit parts of Nova Scotia,… [+1993 chars]"
"{'id': None, 'name': 'Thechronicleherald.ca'}",Andrew Rankin,UPDATED: Province of Nova Scotia bans street checks - TheChronicleHerald.ca,UPDATED: Province of Nova Scotia bans street checks TheChronicleHerald.ca Head of N.S. prosecution service says bill ending arbitration a 'disaster' HalifaxToday.ca Projects aimed at preventing sexual violence on N.S. campuses get funding CBC.ca Legal experts…,https://www.thechronicleherald.ca/news/local/updated-province-of-nova-scotia-bans-street-checks-365477/,https://www.thechronicleherald.ca/media/photologue/photos/cache/mark_furey_medium.jpg,2019-10-19T15:51:06Z,"HALIFAX, N.S. — Lynn Jones saw the ban as a particular victory for the leaders of her community who simply refused to tolerate police street checks. 
Justice Minister Mark Furey’s announcement on Friday to move what was a temporary moratorium on street check… [+4002 chars]"
"{'id': None, 'name': 'Halifaxtoday.ca'}",HalifaxToday Staff,Blue-green algae risk advisory for Lake Micmac has been lifted - HalifaxToday.ca,Blue-green algae risk advisory for Lake Micmac has been lifted HalifaxToday.ca,https://www.halifaxtoday.ca/local-news/blue-green-algae-risk-advisory-for-lake-micmac-has-been-lifted-1755951,https://www.vmcdn.ca/f/files/halifaxtoday/images/animals/042219-shubie-park-lake-micmac-img_8978.jpg;w=630,2019-10-18T18:53:00Z,"NEWS RELEASEHALIFAX REGIONAL MUNICIPALITY*************************The Halifax Regional Municipality is advising residents that the blue-green algae risk advisory previously in effect for Lake Micmac in Dartmouth has been lifted.
The off-leash dog area of Shu… [+1455 chars]"
"{'id': None, 'name': 'Mississauga.com'}",NaN,Scientist faces criticism on red meat study - Waterloo Chronicle,Scientist faces criticism on red meat study Waterloo Chronicle View full coverage on Google News,https://www.mississauga.com/community-story/9631621-scientist-faces-criticism-on-red-meat-study/,https://www.waterloochronicle.ca/Contents/Images/Communities/Waterloo_1200x630.png,2019-10-06T03:06:46Z,"HALIFAX A Canadian researcher who co-led a study that challenges well-worn advice to limit meat consumption has responded to criticisms he should have disclosed past ties to the global meat and food industry.
Dalhousie University's Bradley Johnston said Satu… [+1334 chars]"
"{'id': None, 'name': 'Ctvnews.ca'}",Michael MacDonald,Liberals bracing for losses in Atlantic Canada as polls open on the East Coast - CTV News,"Liberals bracing for losses in Atlantic Canada as polls open on the East Coast CTV News Natural resources, jobs and taxes in Andrew Scheer's letter to Dwight Ball CBC.ca Hundreds in Calgary attend Justin Trudeau rally Edmonton Journal How Justin Trudeau and A…",https://election.ctvnews.ca/liberals-bracing-for-losses-in-atlantic-canada-as-polls-open-on-the-east-coast-1.4648317,https://www.ctvnews.ca/polopoly_fs/1.4648355.1571691338!/httpImage/image.jpg_gen/derivatives/landscape_620/image.jpg,2019-10-21T20:56:00Z,HALIFAX -- Four years after Atlantic Canadians gave Justin Trudeau a sweeping electoral endorsement -- handing his Liberals all 32 of the region's seats -- the party is bracing for losses that could have a significant impact on the final tally later tonight.
NaN,NaN,NaN,NaN,NaN,NaN,NaN,NaN
"{'id': None, 'name': 'Saltwire.com'}",Tina Comeau,Options being pursued with suspension of cancer care traveling clinics to Yarmouth and New Glasgow - SaltWire Network,Options being pursued with suspension of cancer care traveling clinics to Yarmouth and New Glasgow SaltWire Network Options being pursued with suspension of cancer care traveling clinics to Yarmouth and New Glasgow | The News The News View full coverage on Go…,https://www.saltwire.com/news/provincial/options-being-pursued-with-suspension-of-cancer-care-traveling-clinics-to-yarmouth-and-new-glasgow-366244/,https://www.saltwire.com/media/photologue/photos/cache/YV_13062018_yarmouthhospital_medium.jpg,2019-10-21T16:27:38Z,"YARMOUTH, N.S. — Cancer Care Nova Scotia is hoping a suspension of cancer clinics in Yarmouth and New Glasgow – due to the unavailability of oncologists to travel – will be a short-term situation.In the meantime, with patients now having to drive to Halifax, … [+5618 chars]"
"{'id': None, 'name': 'Lifehacker.com'}",Nick Douglas,What's Coming and Going From Netflix in November 2019,"This month, Netflix gets Billy on the Street, Fear and Loathing in Las Vegas, Grease, Rosemary’s Baby, Step Brothers, The Game, the full Matrix trilogy (last seen on Netflix June 30 ), and Zombieland. Read more...",https://lifehacker.com/whats-coming-and-going-from-netflix-in-november-2019-1839292163,"https://i.kinja-img.com/gawker-media/image/upload/c_fill,f_auto,fl_progressive,g_center,h_675,pg_1,q_80,w_1200/zlqeci0s2ghjw8ob79e4.jpg",2019-10-23T14:54:00Z,"This month, Netflix gets Billy on the Street, Fear and Loathing in Las Vegas, Grease, Rosemarys Baby, Step Brothers, The Game, the full Matrix trilogy (last seen on Netflix June 30), and Zombieland.
In original series, theres a new Japan edition of Queer Eye… [+4370 chars]"
"{'id': None, 'name': 'Castanet.net'}",NaN,Study: red meat not so bad? - Canada News - Castanet.net,A Canadian researcher who co-led a study that challenges well-worn advice to limit meat consumption has responded to criticisms he should have disclosed past ties to the global meat and food industry.,https://www.castanet.net/news/Canada/267557/Study-red-meat-not-so-bad,https://www.castanet.net/content/2019/10/CPT10122897_p3410525.jpg,2019-10-06T13:55:00Z,"A Canadian researcher who co-led a study that challenges well-worn advice to limit meat consumption has responded to criticisms he should have disclosed past ties to the global meat and food industry.
Dalhousie University's Bradley Johnston said Saturday tha… [+2269 chars]"
"{'id': None, 'name': 'Globalnews.ca'}",David Lao,"1 dead, 3 missing in New Orleans building collapse - Global News","1 dead, 3 missing in New Orleans building collapse Global News 1 dead, 3 missing after hotel collapse in New Orleans CTV News 1 dead and 3 missing in New Orleans hotel collapse CBC.ca UDPATE: Collapse of New Orleans Hard Rock Hotel under construction WGNO New…",http://globalnews.ca/news/6025403/building-collapse-crane-new-orleans/,https://shawglobalnews.files.wordpress.com/2019/10/egr_xbixyac5tfz-e1570896113423.jpg?quality=70&strip=all&w=720&h=379&crop=1,2019-10-12T16:54:10Z,"One person has died and another three are missing after the upper part of a building collapsed in New Orleans, according to authorities.
The upper six to eight floors of the Hard Rock Hotel, which had been under construction for several months, came crashing… [+2112 chars]"
"{'id': None, 'name': 'Refinery29.com'}","You, also written by You","A Week In Halifax, NS, On A $52,000 Salary","Welcome to Money Diaries, where we’re tackling what might be the last taboo facing modern working women: money. We’re asking millennials how they spend their hard-earned money during a seven-day period — and we’re tracking every last dollar. Attention, Canadi…",https://www.refinery29.com/en-ca/behavioural-therapist-halifax-ns-salary-money-diary,https://www.refinery29.com/images/8623566.jpg?crop=40%3A21,2019-10-28T12:00:18Z,"10 p.m. My friend pours me a glass of wine. Some of our other pals come over, and we chat and play with my friend's dogs. She loans me a copy of Priestdaddy by Patricia Lockwood, and I'm looking forward to curling up in bed and reading. I get a ride home. 11:… [+271 chars]"
"{'id': None, 'name': 'Ctvnews.ca'}",The Canadian Press,Tories and NDP put dent in Liberal dominance of Atlantic provinces - CTV News,Tories and NDP put dent in Liberal dominance of Atlantic provinces CTV News Canadian election results 2019: A live riding-by-riding map of the vote National Post Over to you Canada Maclean's EDITORIAL: A divided Canada on election day Toronto Sun How Justin T…,https://election.ctvnews.ca/tories-ndp-and-greens-score-wins-in-atlantic-canada-but-liberals-hold-fast-1.4648317,https://www.ctvnews.ca/polopoly_fs/1.4648355.1571691338!/httpImage/image.jpg_gen/derivatives/landscape_620/image.jpg,2019-10-22T00:42:00Z,"HALIFAX -- Atlantic Canada's once monochromatic electoral map, awash in Liberal red since 2015, received a slight makeover Monday as the Tories, NDP and Greens punched holes in the Liberals' East Coast fortress.
Four years ago, voters across the region hande… [+2861 chars]"
"{'id': None, 'name': 'Thechronicleherald.ca'}",Joy Chiekwe,Appropriate exercise can benefit those recovering from cancer treatments - TheChronicleHerald.ca,"One in two Canadians will be diagnosed with some kind of cancer in their lifetime. In previous years, a cancer diagnosis was accompanied by a prescription to rest as much as possible and to limit any kind of physical activity",https://www.thechronicleherald.ca/lifestyles/health/appropriate-exercise-can-benefit-those-recovering-from-cancer-treatments-363998/,https://www.thechronicleherald.ca/media/photologue/photos/cache/ssb-a26-16102019-chiekwe_column_medium.jpg,2019-10-16T09:36:49Z,"One in two Canadians will be diagnosed with some kind of cancer in their lifetime. In previous years, a cancer diagnosis was accompanied by a prescription to rest as much as possible and to limit any kind of physical activity to a bare minimum. Though that ma… [+3276 chars]"
"{'id': None, 'name': 'Ctvnews.ca'}",Jeremiah Rodriguez,Who are Extinction Rebellion? A look at climate change activists protesting globally - CTV News,"Who are Extinction Rebellion? A look at climate change activists protesting globally CTV News 'We have the right to rebel': Extinction Rebellion begin Westminster shutdown Guardian News Activists block roads, march in cities around the world to demand action …",https://www.ctvnews.ca/sci-tech/who-are-extinction-rebellion-a-look-at-climate-change-activists-protesting-globally-1.4628116,https://www.ctvnews.ca/polopoly_fs/1.4628192.1570484577!/httpImage/image.jpg_gen/derivatives/landscape_620/image.jpg,2019-10-07T21:50:00Z,"TORONTO -- Climate change activist group Extinction Rebellion have been shutting down roads and bridges around the world on Monday in protest for climate justice.
Here's a look at the group and what they hope to accomplish.
WHO ARE EXTINCTION REBELLION?
Th… [+3371 chars]"
"{'id': 'mashable', 'name': 'Mashable'}",Alison Foreman,Everything coming to Netflix in November 2019,"November marks a lot of movement for Netflix. We're losing favorites like The Lord of the Rings, Blue Bloods, Mamma Mia!, Coco, Scream, and The Sixth Sense — but gaining a whole lot more. Here's what's coming. On the TV side, Netflix is bringing back new seas…",https://mashable.com/article/netflix-november-2019/,https://mondrian.mashable.com/2019%252F10%252F24%252F52%252F7c26904fe61f44d78cc6bf81016c3046.c5d06.jpg%252F1200x630.jpg?signature=I0EckU_oWp2UCvrfERwRF4G5KiM=,2019-10-24T09:30:00Z,"November marks a lot of movement for Netflix.
We're losing favorites like The Lord of the Rings, Blue Bloods, Mamma Mia!, Coco, Scream, and The Sixth Sense but gaining a whole lot more. Here's what's coming. 
On the TV side, Netflix is bringing back new sea… [+5380 chars]"
"{'id': None, 'name': 'Boingboing.net'}",John Struan,"The Deep Dark is an art installation that asks ""why do we fear the dark?""","The Deep Dark is a recurring art installation by Caitlind Brown and Wayne Garrett: To develop the installation, the artists conducted interviews, asking: why do we fear the dark? Is darkness a presence or an absence? What separates real fears of nighttime fro…",https://boingboing.net/2019/10/11/the-deep-dark-is-an-art-instal.html,https://i0.wp.com/media.boingboing.net/wp-content/uploads/2019/10/1-2.jpeg?fit=1200%2C800&ssl=1,2019-10-11T11:15:56Z,"To develop the installation, the artists conducted interviews, asking: why do we fear the dark? Is darkness a presence or an absence? What separates real fears of nighttime from imaginary fears of things we cannot see? By unearthing commonalities between inte… [+771 chars]"
"{'id': None, 'name': 'Calgaryherald.com'}",NaN,"Climate protesters shut down traffic in Calgary, other Canadian cities as part of global action - Calgary Herald","Climate protesters shut down traffic in Calgary, other Canadian cities as part of global action Calgary Herald Climate change activists, drivers clash at Walterdale Bridge blockade Monday morning in Edmonton Global News Extinction Rebellion protesters block t…",https://calgaryherald.com/news/local-news/climate-protesters-shut-down-bridges-in-calgary-other-canadian-cities-as-part-of-global-action,https://postmediacalgaryherald2.files.wordpress.com/2019/10/climate20-copy.jpg,2019-10-08T02:52:29Z,"Protesters shut down traffic on major bridges across Canada on Monday as they joined in an international day of action meant to galvanize governments into taking more urgent action on climate change.
In Calgary, about 50 people took to the intersection of 10… [+4487 chars]"
"{'id': 'techcrunch', 'name': 'TechCrunch'}",Jon Evans,Armenia and the technology of diaspora,"It’s a tough world out there for small countries. Technology is the future, everyone knows that; but how do you claim your share of that future when you’re competing with America, China, the EU, and India? How do you build a thriving ecosystem of tech wealth …",http://techcrunch.com/2019/10/07/armenia-and-the-technology-of-diaspora/,https://techcrunch.com/wp-content/uploads/2019/10/wcit-hq-2.jpg?w=533,2019-10-07T18:53:30Z,"It’s a tough world out there for small countries. Technology is the future, everyone knows that; but how do you claim your share of that future when you’re competing with America, China, the EU, and India?
How do you build a thriving ecosystem of tech wealth… [+3095 chars]"
"{'id': None, 'name': 'Hellomagazine.com'}",HELLO! Canada,Meghan Markle makes surprise appearance via Skype as Prince Harry steps out to support girls' education in Malawi - HELLO! Canada,Meghan Markle makes surprise appearance via Skype as Prince Harry steps out to support girls' education in Malawi HELLO! Canada Meghan Markle Makes A Surprise Appearance Via Skype During Prince Harry’s Visit To Malawi School ETCanada.com Meghan Markle tribute…,https://ca.hellomagazine.com/royalty/02019092953186/meghan-markle-surprise-appearance-skype-prince-harry-girls-education-malawi,https://ca.hellomagazine.com/images/stories/0/2019/09/29/000/731/649/featured_5_3.jpg,2019-09-29T15:18:07Z,"September 29, 2019Duchess Meghan and Prince Harry reunited sort of via video
link from South Africa on Sept. 29 while the Duke of Sussex visited a school in Malawi to learn
about girls education.
Harry was at Lilongwes Nalikule College of Education for an… [+5974 chars]"
"{'id': None, 'name': 'Ctvnews.ca'}",Shawn Jeffords and Nicole Thompson,"Hundreds of Ontario schools will remain open after deal struck between province, union - CTV News","Hundreds of Ontario schools will remain open after deal struck between province, union CTV News Ontario Government And CUPE Workers Reach Deal, Avoid School Strike HuffPost Canada Hundreds of Ontario schools will remain open after deal struck between province…",https://www.ctvnews.ca/canada/ontario-provincial-government-reaches-deal-with-education-workers-avoid-strike-1.4626792,https://www.ctvnews.ca/polopoly_fs/1.4626819.1570410549!/httpImage/image.jpg_gen/derivatives/landscape_620/image.jpg,2019-10-07T00:30:00Z,"TORONTO -- A strike that would have closed hundreds of schools across Ontario was averted Sunday night as the province reached a tentative deal with the union representing thousands of education workers.
Education Minister Stephen Lecce and the bargaining un… [+4394 chars]"
"{'id': 'cnn', 'name': 'CNN'}",Lilit Marcus,The Toronto restaurant with a secret sake menu,"For some chefs, owning and operating a successful restaurant is achievement enough. But for Mitch Bates, owner of upscale Toronto restaurant Grey Gardens, food and drink are never something you can stop learning about.",https://www.cnn.com/travel/article/grey-gardens-sakai-bar-toronto/index.html,https://dynaimage.cdn.cnn.com/cnn/w_1200/http%3A%2F%2Fcdn.cnn.com%2Fcnnnext%2Fdam%2Fassets%2F191011131103-mitch-bates-sake-toronto-00011414-super-tease.jpg,2019-10-11T07:01:51Z,"(CNN) For some chefs, owning and operating a successful restaurant is achievement enough.
But for Mitch Bates, owner of upscale Toronto restaurant Grey Gardens, food and drink are never something you can stop learning about.
The American-born chef honed his… [+1539 chars]"
"{'id': 'the-globe-and-mail', 'name': 'The Globe And Mail'}",Michelle McQuigge,Mother of slain Hamilton teen says ‘everyone’ failed her son - The Globe and Mail,Mother of slain Hamilton teen says ‘everyone’ failed her son The Globe and Mail Grieving Hamilton mom says 'everyone' failed her bullied son - Canada News Castanet.net Hamilton high school stabbing victim 'just wanted people to be happy' TheSpec.com Best frie…,https://www.theglobeandmail.com/canada/article-two-teens-arrested-in-connection-with-fatal-hamilton-stabbing-released/,https://www.theglobeandmail.com/resizer/1HbVP6VsDcrepRN6qAnBf7g11f8=/1200x0/filters:quality(80)/arc-anglerfish-tgam-prod-tgam.s3.amazonaws.com/public/MSAEGL7KMZCBRPAOHTTB6CRQ74.jpg,2019-10-09T16:26:40Z,"Shari-Ann Bracci-Selvey, centre, fights back tears at a vigil for her 14-year-old murdered son, Devan Selvey, at his high school, Sir Winston Churchill Secondary School, in Hamilton, Ont., on Oct. 9, 2019. 
The Canadian Press
A mother who witnessed her son … [+3708 chars]"
"{'id': 'the-new-york-times', 'name': 'The New York Times'}",George Gene Gustines,She’s 8 Years Old. Her Superpower? Creating Anti-Bullying Comics.,"Loot, a new store in Brooklyn, is encouraging children to tell their stories. And there are plenty of comic books to inspire them.",https://www.nytimes.com/2019/10/02/nyregion/comics-brooklyn-loot.html,https://static01.nyt.com/images/2019/10/06/nyregion/06jpCOMICS4/06jpCOMICS4-facebookJumbo.jpg,2019-10-02T16:32:50Z,"Jennifer Gilbert was there with her son Jackson, 9, a seasoned fan of Star Wars and Marvel Comics. Mrs. Gilbert discovered Loot over Labor Day weekend, and Jackson has become a once-a-week regular. She has seen the benefit of him finding peers with common int… [+2032 chars]"
"{'id': None, 'name': 'Torontosun.com'}",NaN,BONOKOSKI: Trudeau’s ego-driven foreign aid exposed by cavalier $50M tweets - Toronto Sun,"BONOKOSKI: Trudeau’s ego-driven foreign aid exposed by cavalier $50M tweets Toronto Sun Kelly McParland: If young voters lose interest in Trudeau, the Liberals are in trouble National Post Trudeau says he would look at ways to improve medical assistance in dy…",https://torontosun.com/news/national/bonokoski-trudeaus-ego-driven-foreign-aid-exposed-by-cavalier-50m-tweets,https://postmediatorontosun.files.wordpress.com/2019/10/trudeau.jpg,2019-10-04T03:46:00Z,"One suspects thousands, if not millions, in Canada and around the world who are Twitter addicts spewed their coffees halfway across the room when Justin Trudeau, as prime minister, blasely sent out his tweet to comedian Trevor Noah pledging $50 million of our… [+3628 chars]"
"{'id': None, 'name': 'Huffingtonpost.ca'}",Melanie Woods,"Conservative Leader Andrew Scheer Has U.S. Citizenship, Planning To Renounce - HuffPost Canada","Conservative Leader Andrew Scheer Has U.S. Citizenship, Planning To Renounce HuffPost Canada 4 moments from the TVA French-language leaders' debate CBC.ca Scheer vows to expand tax credit for volunteer firefighters, search and rescue workers Global News With …",https://www.huffingtonpost.ca/entry/andrew-scheer-us-citizen_ca_5d9663e6e4b0da7f6623d4bf,https://img.huffingtonpost.com/asset/5d96651e21000067035219cc.jpeg?cache=ib9MAmaDQO&ops=1200_630,2019-10-03T21:23:50Z,"BEDFORD, N.S. — Conservative Leader Andrew Scheer says he never spoke publicly about being a dual Canadian-United States citizen because no one ever asked him.
Even when his colleagues were attacking politicians from other parties for their dual citizenships… [+2810 chars]"
"{'id': None, 'name': 'Globalnews.ca'}",Staff,Canada election: What federal leaders have pledged on the economy - Global News,Canada election: What federal leaders have pledged on the economy Global News What’s more cringeworthy than one video about Trudeau’s blackface? Two videos. Maclean's Elections Canada contradicts Scheer's claim that ruling was issued in support of Conservativ…,http://globalnews.ca/news/5974415/canada-election-economy-promises/,https://shawglobalnews.files.wordpress.com/2019/10/raw_3lsc_promise_tracker_economy_720x480.jpg?quality=70&strip=all&w=720&h=379&crop=1,2019-10-10T12:44:54Z,"Federal parties vying for victory on Oct. 21 are making a range of promises on how they will better the economy.
Liberal Leader Justin Trudeau, the Conservatives Andrew Scheer, New Democrat Jagmeet Singh, Bloc Québécois Leader Yves-François Blanchet and the … [+9525 chars]"
"{'id': None, 'name': 'Insider.com'}","feedback@businessinsider.com (Erika Celeste), Erika Celeste",The Ukrainian orphan accused of being an adult hung out at a drug recovery house and took adult education classes during her mysterious 3-year disappearance,"The Ukrainian-born girl with dwarfism at the center of an adoption scandal is alive and well, now living with a new family. Kristine Barnett and ex-husband Michael Barnett were charged with abandoning their adopted daughter Natalia Grace when she was nine yea…",https://www.insider.com/ukraine-orphan-natalia-grace-took-adult-education-courses-lives-with-pastor,https://image.businessinsider.com/5d96099b695b5843863b778d?width=1200&format=jpeg,2019-10-03T14:39:08Z,"Depending on whom you believe, Natalia Grace — a Ukrainian-born orphan with a rare form of dwarfism — is either a sweet 15-year-old or a 30-year-old con artist.
Natalia's story has gone viral. And while it may seem like the plot of a horror movie, it's a rea… [+10820 chars]"
"{'id': None, 'name': 'Globalnews.ca'}",David Lao,"Trudeau says offensive posts made by N.S. candidate ‘unacceptable,’ but will allow him to run - Global News","Trudeau says offensive posts made by N.S. candidate ‘unacceptable,’ but will allow him to run Global News Trudeau won't remove Liberal candidate for racist, sexist social media posts CBC.ca Trudeau Won’t Expel Candidate Who Made Sexist, Homophobic, Racist Rem…",http://globalnews.ca/news/5997075/liberal-trudeau-jaime-battiste-social-media/,https://shawglobalnews.files.wordpress.com/2019/10/jaime-battiste-photo-e1570391561790.jpg?quality=70&strip=all&crop=0px%2C34px%2C719px%2C380px&resize=720%2C379,2019-10-06T19:57:54Z,"Liberal Leader Justin Trudeau says he will continue to allow a Nova Scotia candidate to run despite offensive online comments he made in the past.
During a campaign stop Sunday, Trudeau said the social media posts were “unacceptable,” but that he was pleased… [+2811 chars]"
"{'id': 'cbc-news', 'name': 'CBC News'}",https://www.facebook.com/cbckidsca,Kids across the country take part in mock vote - CBC.ca,"Kids across the country take part in mock vote CBC.ca Mock student vote ‘elects’ Liberal minority government, NDP opposition Global News View full coverage on Google News",https://www.cbc.ca/kidsnews/post/kids-across-the-country-take-part-in-mock-vote,https://www.cbc.ca/kidsnews//content/_card_resize/CIVIX_thumbnail.jpg,2019-10-21T19:34:54Z,"When Nicole Miller discovered some of her closest friends didn’t care about the federal election, she wanted to help them understand why it’s important.
“I’ve asked a lot of kids in the hallways and most of them are like no, they’re not interested in voting … [+3288 chars]"
"{'id': 'the-globe-and-mail', 'name': 'The Globe And Mail'}",NaN,Western Canada: Kenney fulfills promise of restraint with budget – and goes further - The Globe and Mail,Western Canada: Kenney fulfills promise of restraint with budget – and goes further The Globe and Mail Why Alberta's corporate tax cut might not keep investment at home CBC.ca Bob Layton: Budgeting for a surprise Global News Will a corporate tax cut trickle d…,https://www.theglobeandmail.com/canada/british-columbia/article-western-canada-kenney-fulfills-promise-of-restraint-with-budget-and/,https://www.theglobeandmail.com/resizer/T7LZrx_ryKOsgRyz9lZizXG7mB4=/1200x0/filters:quality(80)/arc-anglerfish-tgam-prod-tgam.s3.amazonaws.com/public/KNRFF2JQNVG65ML2LUNQ5B7QCI.JPG,2019-10-26T12:51:31Z,"Good morning! Its James Keller in Calgary.
Alberta Premier Jason Kenney had been foreshadowing this since before he was elected: his governments first budget would be a tough one.
During the spring election campaign, Mr. Kenney said a United Conservative go… [+8875 chars]"
"{'id': 'reuters', 'name': 'Reuters'}",Reuters Editorial,Factbox: Canada's political party positions ahead of October 21 election,"Here is a roundup of the main Canadian political parties' positions ahead of the Oct. 21 federal election, where Prime Minister Justin Trudeau's Liberal Party is neck and neck in opinion polls with the opposition Conservatives led by Andrew Scheer.",https://www.reuters.com/article/us-canada-election-party-factbox-idUSKBN1WJ2DK,https://s4.reutersmedia.net/resources_v2/images/rcom-default.png,2019-10-04T20:28:18Z,"(Reuters) - Here is a roundup of the main Canadian political parties’ positions ahead of the Oct. 21 federal election, where Prime Minister Justin Trudeau’s Liberal Party is neck and neck in opinion polls with the opposition Conservatives led by Andrew Scheer… [+4739 chars]"
"{'id': 'reuters', 'name': 'Reuters'}",Reuters Editorial,Factbox: Key seats to watch in Canada's federal election,"As Canadians head to polls on Monday, Prime Minister Justin Trudeau's Liberals are neck-and-neck with Andrew Scheer's Conservative Party in national opinion polls. The New Democratic Party (NDP) led by Jagmeet Singh and the Green Party led by Elizabeth May ar…",https://www.reuters.com/article/us-canada-election-ridings-factbox-idUSKBN1X01MN,https://s4.reutersmedia.net/resources/r/?m=02&d=20191021&t=2&i=1443391675&w=1200&r=LYNXMPEF9K14V,2019-10-21T15:02:56Z,"TORONTO (Reuters) - As Canadians head to polls on Monday, Prime Minister Justin Trudeau’s Liberals are neck-and-neck with Andrew Scheer’s Conservative Party in national opinion polls. The New Democratic Party (NDP) led by Jagmeet Singh and the Green Party led… [+5539 chars]"
"{'id': None, 'name': 'Ctvnews.ca'}",CTVNews.ca writer,Here are all the Ontario school boards that will close Monday if CUPE strikes - CTV News,Here are all the Ontario school boards that will close Monday if CUPE strikes CTV News Elections Canada monitoring potential Ontario school strikes ahead of election Global News Negotiations continue as clock winds down toward Cupe strike CTV News Windsor Par…,https://www.ctvnews.ca/canada/here-are-all-the-ontario-school-boards-that-will-close-monday-if-cupe-strikes-1.4625651,https://www.ctvnews.ca/polopoly_fs/1.4270510.1570292473!/httpImage/image.jpg_gen/derivatives/landscape_620/image.jpg,2019-10-05T16:21:00Z,"TORONTO - With a potential strike for thousands of CUPE workers looming, school boards across Ontario are indicating whether or not their facilities will remain open in the event of job action.
The contract for 55,000 education and maintenance workers with t… [+4845 chars]"
"{'id': 'the-globe-and-mail', 'name': 'The Globe And Mail'}",NaN,"Conservatives promise to cut foreign aid by 25 per cent, focus on poorest countries - The Globe and Mail","Conservatives promise to cut foreign aid by 25 per cent, focus on poorest countries The Globe and Mail The Greta effect? Nanos survey suggests young voters turning on Trudeau CTV News John Ivison: Trudeau believes Canadians no longer care about deficits – and…",https://www.theglobeandmail.com/politics/article-conservatives-promise-to-cut-foreign-aid-by-25-per-cent-focus-on/,https://www.theglobeandmail.com/resizer/L-sYM9inNK9YvHmdyGkeCoyqLzk=/1200x0/filters:quality(80)/arc-anglerfish-tgam-prod-tgam.s3.amazonaws.com/public/AVXK4INKGBGKFFCGZNTWBWDVLI.jpg,2019-10-01T00:55:18Z,"Conservative Leader Andrew Scheer addresses a gathering during a campaign stop in Brampton, Ont., on Sept. 30, 2019. 
JONATHAN HAYWARD/The Canadian Press
The Conservatives would cut Canadian foreign-assistance spending by a quarter if elected and shift fund… [+5421 chars]"
"{'id': 'the-globe-and-mail', 'name': 'The Globe And Mail'}",NaN,Federalist leaders take aim at Bloc Québécois in first French-language debate - The Globe and Mail,Federalist leaders take aim at Bloc Québécois in first French-language debate The Globe and Mail Bloc Québécois blasted for urging voters to support candidates ‘qui vous ressemblent’ Toronto Star Canada election: What federal leaders have pledged on immigrati…,https://www.theglobeandmail.com/politics/article-federalist-leaders-take-aim-at-bloc-in-first-french-debate/,https://www.theglobeandmail.com/resizer/IjzlT1WReqVQ7a-uqq9pBYR9OcU=/1200x0/filters:quality(80)/arc-anglerfish-tgam-prod-tgam.s3.amazonaws.com/public/6CWP6N3ZNJCWVGFHSP5MASFVLY.jpg,2019-10-03T03:09:27Z,"The four leaders are seen alongside moderator Pierre Bruneau (centre) ahead of the TVA debate on Wednesday, Oct. 2, 2019.
Joel Lemay/The Canadian Press
Canadas three major federalist party leaders took turns attacking the Leader of the resurgent Bloc Québéc… [+6798 chars]"
"{'id': None, 'name': 'Newswire.ca'}",NaN,Aphria Inc. Announces Second Consecutive Quarter of Profitability and Positive Adjusted EBITDA - Canada NewsWire,Net Income Increases 4.5% and Adjusted EBITDA Increases Four-fold from the Prior Quarter Adult-Use Cannabis Revenue Increases 8% from Prior Quarter Maintains...,https://www.newswire.ca/news-releases/aphria-inc-announces-second-consecutive-quarter-of-profitability-and-positive-adjusted-ebitda-811528740.html,https://mma.prnewswire.com/media/1010769/Aphria_Inc__Aphria_Inc__Announces_Second_Consecutive_Quarter_of.jpg?p=facebook,2019-10-15T11:00:00Z,"Net Income Increases 4.5% and Adjusted EBITDA Increases Four-fold from the Prior QuarterAdult-Use Cannabis Revenue Increases 8% from Prior QuarterMaintains Strong Balance Sheet and Cash Position to Support Future Growth Reiterates Fiscal Year 2020 Outlook
LE… [+27878 chars]"
"{'id': None, 'name': 'Timescolonist.com'}",Randy Shore,"B.C. to tighten access to vaping products, health minister says - Times Colonist","The province is planning to dramatically reduce the number of vendors that can sell e-cigarettes and vaping products, according to Health Minister Adrian Dix.   Tens of thousands of vendors carry . . .",https://www.timescolonist.com/news/b-c/b-c-to-tighten-access-to-vaping-products-health-minister-says-1.23961230,https://images.glaciermedia.ca/polopoly_fs/1.23958050.1569475636!/fileImage/httpImage/image.jpg_gen/derivatives/facebookogimage_560_292/a14-09262019-vaping-jpg.jpg,2019-09-29T06:09:00Z,"The province is planning to dramatically reduce the number of vendors that can sell e-cigarettes and vaping products, according to Health Minister Adrian Dix.
 Tens of thousands of vendors carry e-cigarettes and vaping products, many of which contain nicotin… [+3400 chars]"